{
  "id": "2754545",
  "name": "小主题",
  "font_family": "iconfont",
  "css_prefix_text": "icon-",
  "description": "",
  "glyphs": [
    {
      "icon_id": "14349780",
      "name": "提交",
      "font_class": "tijiao",
      "unicode": "e75b",
      "unicode_decimal": 59227
    },
    {
      "icon_id": "16849313",
      "name": "表情4",
      "font_class": "biaoqing4",
      "unicode": "e627",
      "unicode_decimal": 58919
    },
    {
      "icon_id": "5029",
      "name": "列表",
      "font_class": "liebiao",
      "unicode": "e600",
      "unicode_decimal": 58880
    },
    {
      "icon_id": "13638718",
      "name": "倒叙",
      "font_class": "daoxu",
      "unicode": "e65a",
      "unicode_decimal": 58970
    },
    {
      "icon_id": "9371346",
      "name": "月亮",
      "font_class": "yueliang",
      "unicode": "e764",
      "unicode_decimal": 59236
    },
    {
      "icon_id": "14648756",
      "name": "开启太阳光设置",
      "font_class": "bairi",
      "unicode": "e647",
      "unicode_decimal": 58951
    },
    {
      "icon_id": "17990859",
      "name": "历史",
      "font_class": "lishi",
      "unicode": "e608",
      "unicode_decimal": 58888
    },
    {
      "icon_id": "435978",
      "name": "微信",
      "font_class": "weixin",
      "unicode": "e7e5",
      "unicode_decimal": 59365
    },
    {
      "icon_id": "637500",
      "name": "钱币1",
      "font_class": "qianbi1",
      "unicode": "e69e",
      "unicode_decimal": 59038
    },
    {
      "icon_id": "993676",
      "name": "收起",
      "font_class": "shouqi",
      "unicode": "e606",
      "unicode_decimal": 58886
    },
    {
      "icon_id": "1294845",
      "name": "二维码",
      "font_class": "QR",
      "unicode": "e639",
      "unicode_decimal": 58937
    },
    {
      "icon_id": "2794636",
      "name": "星球",
      "font_class": "xingqiu",
      "unicode": "e8e7",
      "unicode_decimal": 59623
    },
    {
      "icon_id": "5979996",
      "name": "展开 下箭头-01",
      "font_class": "zhankaixiajiantou-",
      "unicode": "e635",
      "unicode_decimal": 58933
    },
    {
      "icon_id": "6119207",
      "name": "右",
      "font_class": "right-line",
      "unicode": "e625",
      "unicode_decimal": 58917
    },
    {
      "icon_id": "6446008",
      "name": "好友",
      "font_class": "tianchongxing-",
      "unicode": "e62a",
      "unicode_decimal": 58922
    },
    {
      "icon_id": "7032263",
      "name": "搜索",
      "font_class": "sousuo",
      "unicode": "e63b",
      "unicode_decimal": 58939
    },
    {
      "icon_id": "7193676",
      "name": "分享",
      "font_class": "fenxiang",
      "unicode": "e72f",
      "unicode_decimal": 59183
    },
    {
      "icon_id": "7533293",
      "name": "主题",
      "font_class": "zhuti",
      "unicode": "e605",
      "unicode_decimal": 58885
    },
    {
      "icon_id": "8351859",
      "name": "收藏",
      "font_class": "shoucang",
      "unicode": "e6a9",
      "unicode_decimal": 59049
    },
    {
      "icon_id": "8351975",
      "name": "app",
      "font_class": "app",
      "unicode": "e6c6",
      "unicode_decimal": 59078
    },
    {
      "icon_id": "8358887",
      "name": "打赏3",
      "font_class": "dashang",
      "unicode": "e693",
      "unicode_decimal": 59027
    },
    {
      "icon_id": "9231576",
      "name": "字幕",
      "font_class": "zimu",
      "unicode": "e69f",
      "unicode_decimal": 59039
    },
    {
      "icon_id": "9495519",
      "name": "留言",
      "font_class": "liuyan",
      "unicode": "e62c",
      "unicode_decimal": 58924
    },
    {
      "icon_id": "9512588",
      "name": "链接",
      "font_class": "link-fill",
      "unicode": "e628",
      "unicode_decimal": 58920
    },
    {
      "icon_id": "9594793",
      "name": "刷新",
      "font_class": "shuaxin",
      "unicode": "e64f",
      "unicode_decimal": 58959
    },
    {
      "icon_id": "10593745",
      "name": "历史记录_jurassic",
      "font_class": "jurassic_wait",
      "unicode": "e695",
      "unicode_decimal": 59029
    },
    {
      "icon_id": "11519477",
      "name": "我的",
      "font_class": "wode",
      "unicode": "e735",
      "unicode_decimal": 59189
    },
    {
      "icon_id": "11947055",
      "name": "邮箱icon",
      "font_class": "youxiangicon",
      "unicode": "e619",
      "unicode_decimal": 58905
    },
    {
      "icon_id": "12897867",
      "name": "右",
      "font_class": "you-",
      "unicode": "e61a",
      "unicode_decimal": 58906
    },
    {
      "icon_id": "12897868",
      "name": "左",
      "font_class": "zuo-",
      "unicode": "e61b",
      "unicode_decimal": 58907
    },
    {
      "icon_id": "12975026",
      "name": "积分2",
      "font_class": "jifen",
      "unicode": "e63a",
      "unicode_decimal": 58938
    },
    {
      "icon_id": "13752780",
      "name": "叹号",
      "font_class": "tanhao",
      "unicode": "e60d",
      "unicode_decimal": 58893
    },
    {
      "icon_id": "14227033",
      "name": "下载",
      "font_class": "xiazai",
      "unicode": "e6a4",
      "unicode_decimal": 59044
    },
    {
      "icon_id": "14560645",
      "name": "播放",
      "font_class": "bofang",
      "unicode": "e61e",
      "unicode_decimal": 58910
    },
    {
      "icon_id": "14773879",
      "name": "闪电",
      "font_class": "shandian",
      "unicode": "e746",
      "unicode_decimal": 59206
    },
    {
      "icon_id": "14996418",
      "name": "筛选",
      "font_class": "shaixuan",
      "unicode": "e613",
      "unicode_decimal": 58899
    },
    {
      "icon_id": "14996663",
      "name": "积分",
      "font_class": "jifen1",
      "unicode": "e61c",
      "unicode_decimal": 58908
    },
    {
      "icon_id": "14996665",
      "name": "积分2",
      "font_class": "jifen2",
      "unicode": "e61d",
      "unicode_decimal": 58909
    },
    {
      "icon_id": "15023393",
      "name": "主页",
      "font_class": "zhuye",
      "unicode": "e642",
      "unicode_decimal": 58946
    },
    {
      "icon_id": "15546325",
      "name": "闪电",
      "font_class": "shandian1",
      "unicode": "e614",
      "unicode_decimal": 58900
    },
    {
      "icon_id": "15625580",
      "name": "查看",
      "font_class": "chakanbeifen",
      "unicode": "e626",
      "unicode_decimal": 58918
    },
    {
      "icon_id": "16136921",
      "name": "购物袋",
      "font_class": "gouwudai",
      "unicode": "e603",
      "unicode_decimal": 58883
    },
    {
      "icon_id": "16322523",
      "name": "公告",
      "font_class": "gonggao",
      "unicode": "e6e2",
      "unicode_decimal": 59106
    },
    {
      "icon_id": "16588104",
      "name": "勋章",
      "font_class": "xunzhang",
      "unicode": "e70a",
      "unicode_decimal": 59146
    },
    {
      "icon_id": "16921545",
      "name": "关闭",
      "font_class": "guanbi",
      "unicode": "e7e8",
      "unicode_decimal": 59368
    },
    {
      "icon_id": "17938939",
      "name": "反馈 选中",
      "font_class": "fankuixuanzhong",
      "unicode": "e60e",
      "unicode_decimal": 58894
    },
    {
      "icon_id": "18371335",
      "name": "购物袋",
      "font_class": "gouwudai1",
      "unicode": "e68c",
      "unicode_decimal": 59020
    },
    {
      "icon_id": "18375349",
      "name": "主页",
      "font_class": "zhuye1",
      "unicode": "e611",
      "unicode_decimal": 58897
    },
    {
      "icon_id": "18449240",
      "name": "热，hot",
      "font_class": "rehot",
      "unicode": "e71e",
      "unicode_decimal": 59166
    },
    {
      "icon_id": "18489992",
      "name": "热门-fill",
      "font_class": "remen-fill",
      "unicode": "e621",
      "unicode_decimal": 58913
    },
    {
      "icon_id": "19013396",
      "name": "正确-correct",
      "font_class": "zhengque-correct",
      "unicode": "e651",
      "unicode_decimal": 58961
    },
    {
      "icon_id": "20877904",
      "name": "icon_commone_筛选面",
      "font_class": "icon_commone_shaixuanmian",
      "unicode": "e609",
      "unicode_decimal": 58889
    },
    {
      "icon_id": "21242876",
      "name": "我的",
      "font_class": "wode1",
      "unicode": "e63d",
      "unicode_decimal": 58941
    },
    {
      "icon_id": "22561820",
      "name": "删除",
      "font_class": "shanchu",
      "unicode": "e660",
      "unicode_decimal": 58976
    }
  ]
}
